id,record_type,view_id,row_id,column_id,capability_refs,need,operation,outcome,implementation_status,standing,source_refs,code_refs,test_refs,account_ref,relation,coverage,extensions,question
cap.aikit.discovery,capability,,,,[],Find tools and Skills already present,Inspect registered and foreign source roots,A provenance-bearing inventory before adoption,Implemented source contract; linked tests not freshly executed in this documentation pass,agent-inference,README.md,crates/aikit-adapters/src/local_source_discovery.rs,crates/aikit-cli/tests/foreign_discover.rs,aikit.html#q0/continuity,,,"{""basis"": ""Source-recovered capability account; original verification limits retained in Markdown."", ""converted_from_sha256"": ""9f8f34f320e78a72402844f14f7cf0607485953264edee23e2ce2574c0027c0b"", ""maintenance"": {""updated_at"": ""2026-09-06"", ""change_refs"": [""codex:thread:01a07608-d2ec-7b10-9713-74c445adf8a5"", ""EpiLogos/O-I#97""], ""code_basis"": {""crates/aikit-adapters/src/local_source_discovery.rs"": ""5757fdbd6f089e4302c34a10d665a86d104d7f894be3189ca0a0550c6724aa04""}}, ""cli_commands"": [""init"", ""collate"", ""source add-directory"", ""source add-git"", ""source set-revision"", ""source sync"", ""source show""], ""cli_exposure"": {""kind"": ""direct"", ""reason"": ""Native CLI leaf commands recovered recursively from target/debug/aikit --help after a local build.""}, ""last_reconciled_at"": ""2026-09-06T14:30:23.997737+00:00""}",
cap.aikit.adoption,capability,,,,[],Manage useful existing material deliberately,Preview adoption and apply a reviewed change,Managed source with preserved originals and explicit conflicts,Implemented source contract; linked tests not freshly executed in this documentation pass,agent-inference,README.md,crates/aikit-cli/src/main.rs,crates/aikit-cli/tests/adopt_command.rs,aikit.html#q0/continuity,,,"{""basis"": ""Source-recovered capability account; original verification limits retained in Markdown."", ""converted_from_sha256"": ""9f8f34f320e78a72402844f14f7cf0607485953264edee23e2ce2574c0027c0b"", ""maintenance"": {""updated_at"": ""2026-09-06"", ""change_refs"": [""codex:thread:01a07608-d2ec-7b10-9713-74c445adf8a5"", ""EpiLogos/O-I#97""], ""code_basis"": {""crates/aikit-cli/src/main.rs"": ""5e6f322a9f9880bebb6a9c62e14615ff631e6840835eccfdbca48a1f68f3e5ca""}}, ""cli_commands"": [""adopt"", ""source promote"", ""source rollback"", ""procedure plan adopt""], ""cli_exposure"": {""kind"": ""direct"", ""reason"": ""Native CLI leaf commands recovered recursively from target/debug/aikit --help after a local build.""}, ""last_reconciled_at"": ""2026-09-06T14:30:23.997737+00:00""}",
cap.aikit.resource-index,capability,,,,[],Find a capability by identity or description,Build and search typed provider descriptors,Addressable resources with owners and revisions,Implemented source contract; linked tests not freshly executed in this documentation pass,agent-inference,docs/v2/01-PRODUCT-AND-OWNERSHIP.md,crates/aikit-core/src/resource/index.rs,crates/aikit-core/tests/v2_resource_foundation.rs,aikit.html#q1/product,,,"{""basis"": ""Source-recovered capability account; original verification limits retained in Markdown."", ""converted_from_sha256"": ""9f8f34f320e78a72402844f14f7cf0607485953264edee23e2ce2574c0027c0b"", ""maintenance"": {""updated_at"": ""2026-09-06"", ""change_refs"": [""codex:thread:01a07608-d2ec-7b10-9713-74c445adf8a5"", ""EpiLogos/O-I#97""], ""code_basis"": {""crates/aikit-core/src/resource/index.rs"": ""ae9da277b48c956d648d30c3bfaaeafc71b3961a954d7a41e883bd0d5a772466""}}, ""cli_commands"": [""search"", ""z"", ""tree"", ""ui"", ""capabilities list"", ""capabilities read""], ""cli_exposure"": {""kind"": ""direct"", ""reason"": ""Native CLI leaf commands recovered recursively from target/debug/aikit --help after a local build.""}, ""last_reconciled_at"": ""2026-09-06T14:30:23.997737+00:00""}",
cap.aikit.context-resolution,capability,,,,[],Know what applies to this Project and act,Resolve scoped declarations and eligibility,An explainable current capability and source view,Implemented source contract; linked tests not freshly executed in this documentation pass,agent-inference,docs/v2/02-RESOLUTION-AND-CONTEXT-COGNITION.md,crates/aikit-core/src/context_resolution.rs,crates/aikit-core/tests/context_resolution_v2.rs,aikit.html#q2/start,,,"{""basis"": ""Source-recovered capability account; original verification limits retained in Markdown."", ""converted_from_sha256"": ""9f8f34f320e78a72402844f14f7cf0607485953264edee23e2ce2574c0027c0b"", ""maintenance"": {""updated_at"": ""2026-09-06"", ""change_refs"": [""codex:thread:01a07608-d2ec-7b10-9713-74c445adf8a5"", ""EpiLogos/O-I#97""], ""code_basis"": {""crates/aikit-core/src/context_resolution.rs"": ""1276dad27000b3b118119158788a1e62e8b3d7258ea999d6d847b6c8d1526fdd""}}, ""cli_commands"": [""project bind"", ""project show"", ""project defaults"", ""status"", ""diff"", ""context current"", ""context list"", ""context env"", ""credential setup"", ""credential explain"", ""credential list""], ""cli_exposure"": {""kind"": ""direct"", ""reason"": ""Native CLI leaf commands recovered recursively from target/debug/aikit --help after a local build.""}, ""last_reconciled_at"": ""2026-09-06T14:30:23.997737+00:00""}",
cap.aikit.profiles,capability,,,,[],Reuse a baseline while expressing local needs,Select and compose Profile contributions,Effective choices traceable to scope,Implemented source contract; linked tests not freshly executed in this documentation pass,agent-inference,docs/v2/18-PROFILE-COMPOSITION-APPLICATION-PARITY.md,crates/aikit-core/src/composition.rs,crates/aikit-core/tests/profile_composition_v2.rs,aikit.html#q4/contexts,,,"{""basis"": ""Source-recovered capability account; original verification limits retained in Markdown."", ""converted_from_sha256"": ""9f8f34f320e78a72402844f14f7cf0607485953264edee23e2ce2574c0027c0b"", ""maintenance"": {""updated_at"": ""2026-09-06"", ""change_refs"": [""codex:thread:01a07608-d2ec-7b10-9713-74c445adf8a5"", ""EpiLogos/O-I#97""], ""code_basis"": {""crates/aikit-core/src/composition.rs"": ""d7f875b975656b956d3e70efb031d6ab649c601a4a28f65a9c542e666fd3cc88""}}, ""cli_commands"": [""profile fork"", ""profile diff"", ""set list"", ""set show"", ""set create"", ""set add"", ""set remove"", ""skill overlay set"", ""skill overlay show"", ""skill overlay clear""], ""cli_exposure"": {""kind"": ""direct"", ""reason"": ""Native CLI leaf commands recovered recursively from target/debug/aikit --help after a local build.""}, ""last_reconciled_at"": ""2026-09-06T14:30:23.997737+00:00""}",
cap.aikit.generation,capability,,,,[],Apply a predictable capability selection,Build and publish generated state against its basis,A coherent replaceable target view,Implemented source contract; linked tests not freshly executed in this documentation pass,agent-inference,docs/ARCHITECTURE.md,crates/aikit-core/src/projection.rs,crates/aikit-core/tests/projection.rs,aikit.html#q2/start,,,"{""basis"": ""Source-recovered capability account; original verification limits retained in Markdown."", ""converted_from_sha256"": ""9f8f34f320e78a72402844f14f7cf0607485953264edee23e2ce2574c0027c0b"", ""maintenance"": {""updated_at"": ""2026-09-06"", ""change_refs"": [""codex:thread:01a07608-d2ec-7b10-9713-74c445adf8a5"", ""EpiLogos/O-I#97""], ""code_basis"": {""crates/aikit-core/src/projection.rs"": ""0bacae1454af8d349951c5c439136ab7048b2cf0b7d24f2fb492877c48ab17f7""}}, ""cli_commands"": [""apply"", ""rollback"", ""prune""], ""cli_exposure"": {""kind"": ""direct"", ""reason"": ""Native CLI leaf commands recovered recursively from target/debug/aikit --help after a local build.""}, ""last_reconciled_at"": ""2026-09-06T14:30:23.997737+00:00""}",
cap.aikit.projection,capability,,,,[],Use the selected capabilities in a supported client,Render adapter-specific projection,Native client configuration with source lineage,Implemented source contract; linked tests not freshly executed in this documentation pass,agent-inference,docs/AGENT-HARNESS-INTEGRATION.md,crates/aikit-core/src/projection.rs,crates/aikit-adapters/tests/codex.rs,aikit.html#q0/continuity,,,"{""basis"": ""Source-recovered capability account; original verification limits retained in Markdown."", ""converted_from_sha256"": ""9f8f34f320e78a72402844f14f7cf0607485953264edee23e2ce2574c0027c0b"", ""maintenance"": {""updated_at"": ""2026-09-06"", ""change_refs"": [""codex:thread:01a07608-d2ec-7b10-9713-74c445adf8a5"", ""EpiLogos/O-I#97""], ""code_basis"": {""crates/aikit-core/src/projection.rs"": ""0bacae1454af8d349951c5c439136ab7048b2cf0b7d24f2fb492877c48ab17f7""}}, ""cli_commands"": [""client install"", ""client launch"", ""client status"", ""mux install"", ""mux detect"", ""hook dispatch""], ""cli_exposure"": {""kind"": ""direct"", ""reason"": ""Native CLI leaf commands recovered recursively from target/debug/aikit --help after a local build.""}, ""last_reconciled_at"": ""2026-09-06T14:30:23.997737+00:00""}",
cap.aikit.source-horizon,capability,,,,[],Ask about a broad body of knowledge selectively,List eligible descriptors then explicitly retrieve,Exact source material with provenance and disclosure state,Implemented source contract; linked tests not freshly executed in this documentation pass,agent-inference,docs/v2/02-RESOLUTION-AND-CONTEXT-COGNITION.md,crates/aikit-core/src/context_source.rs,crates/aikit-core/tests/context_sources_v2.rs,aikit.html#q2/investigate,,,"{""basis"": ""Source-recovered capability account; original verification limits retained in Markdown."", ""converted_from_sha256"": ""9f8f34f320e78a72402844f14f7cf0607485953264edee23e2ce2574c0027c0b"", ""maintenance"": {""updated_at"": ""2026-09-06"", ""change_refs"": [""codex:thread:01a07608-d2ec-7b10-9713-74c445adf8a5"", ""EpiLogos/O-I#97""], ""code_basis"": {""crates/aikit-core/src/context_source.rs"": ""c2b25168412d98f12c6cd0411d871e1e503f26c3ef8fa560951e23c017387380""}}, ""cli_commands"": [""knowledge search"", ""knowledge read"", ""knowledge sources""], ""cli_exposure"": {""kind"": ""direct"", ""reason"": ""Native CLI leaf commands recovered recursively from target/debug/aikit --help after a local build.""}, ""last_reconciled_at"": ""2026-09-06T14:30:23.997737+00:00""}",
cap.aikit.knowledge-navigation,capability,,,,[],Move from a question to related source,Search providers and expand a bounded neighbourhood,Inspectable routes across distinct knowledge lenses,Implemented source contract; linked tests not freshly executed in this documentation pass,agent-inference,registry/capsules/skill/aikit/knowledge-navigation/payload/SKILL.md,crates/aikit-core/src/knowledge_navigation.rs,crates/aikit-cli/tests/knowledge_application_v2.rs,aikit.html#q2/investigate,,,"{""basis"": ""Source-recovered capability account; original verification limits retained in Markdown."", ""converted_from_sha256"": ""9f8f34f320e78a72402844f14f7cf0607485953264edee23e2ce2574c0027c0b"", ""maintenance"": {""updated_at"": ""2026-09-06"", ""change_refs"": [""codex:thread:01a07608-d2ec-7b10-9713-74c445adf8a5"", ""EpiLogos/O-I#97""], ""code_basis"": {""crates/aikit-core/src/knowledge_navigation.rs"": ""4cc20260d4ec8cb01d212fbc84bab906720540ca61b05162cd0ccbaeda097e64""}}, ""cli_commands"": [""knowledge search"", ""knowledge relations"", ""knowledge frame"", ""knowledge explain"", ""knowledge status"", ""knowledge read"", ""knowledge route"", ""knowledge sources"", ""knowledge history"", ""knowledge forget destination"", ""knowledge forget route"", ""knowledge forget project"", ""knowledge forget all""], ""cli_exposure"": {""kind"": ""direct"", ""reason"": ""Native CLI leaf commands recovered recursively from target/debug/aikit --help after a local build.""}, ""last_reconciled_at"": ""2026-09-06T14:30:23.997737+00:00""}",
cap.aikit.wiki-write,capability,,,,[],Record navigational understanding durably,Explicit node edge space mutations and validation,Atomic valid Wiki revision or unchanged refusal,Implemented CLI; 13 isolated-file Wiki command tests passed in coordinating pass on 2026-09-06,agent-inference,registry/capsules/skill/aikit/wiki-inhabitation/payload/SKILL.md,crates/aikit-cli/src/wiki.rs,crates/aikit-cli/tests/wiki_commands.rs,aikit.html#q2/maintain,,,"{""basis"": ""Source-recovered capability account; original verification limits retained in Markdown."", ""converted_from_sha256"": ""9f8f34f320e78a72402844f14f7cf0607485953264edee23e2ce2574c0027c0b"", ""maintenance"": {""updated_at"": ""2026-09-06"", ""change_refs"": [""codex:thread:01a07608-d2ec-7b10-9713-74c445adf8a5"", ""EpiLogos/O-I#97""], ""code_basis"": {""crates/aikit-cli/src/wiki.rs"": ""90b39c0190737a813352418df4a36484feb4d8d4041a13a355e22ade789b83f1""}}, ""cli_commands"": [""wiki validate"", ""wiki node create"", ""wiki node update"", ""wiki edge add"", ""wiki space create"", ""wiki space link"", ""wiki root doctor"", ""wiki root prune"", ""wiki root adopt"", ""wiki root anchor"", ""wiki stage""], ""cli_exposure"": {""kind"": ""direct"", ""reason"": ""Native CLI leaf commands recovered recursively from target/debug/aikit --help after a local build.""}, ""last_reconciled_at"": ""2026-09-06T14:30:23.997737+00:00""}",
cap.aikit.authored-relations,capability,,,,[],Use links already present in supported text,Parse Markdown links and OKF properties with source spans,Resolved edges and retained ambiguous or unresolved evidence,Implemented Markdown and OKF relation path; 21 selected authored-Wiki adapter tests passed on 2026-09-06; HTML convention is not automatic staging input,agent-inference,../github-recovery-mirror/mirror/ai-kit/issues/126.json,crates/aikit-adapters/src/authored_wiki_source.rs,crates/aikit-adapters/src/authored_wiki_source.rs,aikit.html#q3/source-contract,,,"{""basis"": ""Source-recovered capability account; original verification limits retained in Markdown."", ""converted_from_sha256"": ""9f8f34f320e78a72402844f14f7cf0607485953264edee23e2ce2574c0027c0b"", ""maintenance"": {""updated_at"": ""2026-09-06"", ""change_refs"": [""codex:thread:01a07608-d2ec-7b10-9713-74c445adf8a5"", ""EpiLogos/O-I#97""], ""code_basis"": {""crates/aikit-adapters/src/authored_wiki_source.rs"": ""eb64cef405fd085bc52a010410f910e11384a852fea60c8e6bbca10a3c0351e7""}}, ""cli_commands"": [], ""cli_exposure"": {""kind"": ""library"", ""reason"": ""The authored-relation compiler is implemented as an adapter; this CLI has no dedicated relation-compilation command.""}, ""last_reconciled_at"": ""2026-09-06T14:30:23.997737+00:00""}",
cap.aikit.projectcentral,capability,,,,[],Enter human and Agent project material faithfully,Discover descriptors and explicitly read permitted source,Source identity and Central-issued standing retained,Implemented source contract; linked tests not freshly executed in this documentation pass,agent-inference,../github-recovery-mirror/mirror/ai-kit/issues/102.comments.json,crates/aikit-adapters/src/projectcentral.rs;crates/aikit-cli/src/app/knowledge.rs,crates/aikit-adapters/src/projectcentral.rs,aikit.html#q2/investigate,,,"{""basis"": ""Source-recovered capability account; original verification limits retained in Markdown."", ""converted_from_sha256"": ""9f8f34f320e78a72402844f14f7cf0607485953264edee23e2ce2574c0027c0b"", ""maintenance"": {""updated_at"": ""2026-09-06"", ""change_refs"": [""codex:thread:01a07608-d2ec-7b10-9713-74c445adf8a5"", ""EpiLogos/O-I#97""], ""code_basis"": {""crates/aikit-adapters/src/projectcentral.rs"": ""9e7867648b213f65b3255a61ee8789d7d72ca46ab022d656a0c6db7612971ed3"", ""crates/aikit-cli/src/app/knowledge.rs"": ""e0b1b7e2ea41bfba61afa658c572c082b3fca78cd469f1d68afb154e28fea9a6""}}, ""cli_commands"": [], ""cli_exposure"": {""kind"": ""composed"", ""reason"": ""ProjectCentral material is encountered through the shared knowledge faculty; this CLI has no dedicated ProjectCentral command.""}, ""last_reconciled_at"": ""2026-09-06T14:30:23.997737+00:00""}",
cap.aikit.living-knowledge,capability,,,,[],Know which readings depend on changed source,Track dependencies and inspect affected readings,A visible basis for deliberate refresh and return,Implemented source contract; linked tests not freshly executed in this documentation pass,agent-inference,../github-recovery-mirror/mirror/ai-kit/issues/118.json,crates/aikit-core/src/knowledge_living_relations.rs,crates/aikit-core/tests/living_knowledge_acceptance.rs,aikit.html#q2/maintain,,,"{""basis"": ""Source-recovered capability account; original verification limits retained in Markdown."", ""converted_from_sha256"": ""9f8f34f320e78a72402844f14f7cf0607485953264edee23e2ce2574c0027c0b"", ""maintenance"": {""updated_at"": ""2026-09-06"", ""change_refs"": [""codex:thread:01a07608-d2ec-7b10-9713-74c445adf8a5"", ""EpiLogos/O-I#97""], ""code_basis"": {""crates/aikit-core/src/knowledge_living_relations.rs"": ""fe1951920d937715368e599dbe0e92ecbde0404467eb141e352e376eea371aa4""}}, ""cli_commands"": [""knowledge status"", ""knowledge history"", ""knowledge forget destination"", ""knowledge forget route"", ""knowledge forget project"", ""knowledge forget all""], ""cli_exposure"": {""kind"": ""direct"", ""reason"": ""Native CLI leaf commands recovered recursively from target/debug/aikit --help after a local build.""}, ""last_reconciled_at"": ""2026-09-06T14:30:23.997737+00:00""}",
cap.aikit.wiki-shapes,capability,,,,[],Navigate supplied whole and relation structure,Derive bounded shape addresses from the pinned contract,Inspectable structural reading with source basis,Implemented source contract; linked tests not freshly executed in this documentation pass,agent-inference,../github-recovery-mirror/mirror/ai-kit/issues/158.json,crates/aikit-core/src/knowledge_wiki_shape.rs,crates/aikit-core/src/knowledge_wiki_shape.rs,aikit.html#q3/source-contract,,,"{""basis"": ""Source-recovered capability account; original verification limits retained in Markdown."", ""converted_from_sha256"": ""9f8f34f320e78a72402844f14f7cf0607485953264edee23e2ce2574c0027c0b"", ""maintenance"": {""updated_at"": ""2026-09-06"", ""change_refs"": [""codex:thread:01a07608-d2ec-7b10-9713-74c445adf8a5"", ""EpiLogos/O-I#97""], ""code_basis"": {""crates/aikit-core/src/knowledge_wiki_shape.rs"": ""a4ca3f9bf1af93aec04d4c0f6de33739fa56292cea52813e455d711ae5759b66""}}, ""cli_commands"": [""knowledge frame""], ""cli_exposure"": {""kind"": ""direct"", ""reason"": ""Native CLI leaf commands recovered recursively from target/debug/aikit --help after a local build.""}, ""last_reconciled_at"": ""2026-09-06T14:30:23.997737+00:00""}",
cap.aikit.reflection,capability,,,,[],Inspect whether product meaning matches code,Traverse explicit semantic and code bindings,A discrepancy or relationship grounded in both sources,Implemented source contract; linked tests not freshly executed in this documentation pass,agent-inference,docs/v2/21-PROJECT-REFLECTION-AND-LOCAL-ARTICULATION.md,crates/aikit-core/src/project_reflection.rs,crates/aikit-core/tests/project_reflection_roundtrip.rs,aikit.html#q2/investigate,,,"{""basis"": ""Source-recovered capability account; original verification limits retained in Markdown."", ""converted_from_sha256"": ""9f8f34f320e78a72402844f14f7cf0607485953264edee23e2ce2574c0027c0b"", ""maintenance"": {""updated_at"": ""2026-09-06"", ""change_refs"": [""codex:thread:01a07608-d2ec-7b10-9713-74c445adf8a5"", ""EpiLogos/O-I#97""], ""code_basis"": {""crates/aikit-core/src/project_reflection.rs"": ""56b3e46f1705d71add0e0455b6ba04c79b7f6491203d805fd6ad5494017dda27""}}, ""cli_commands"": [""knowledge frame"", ""knowledge route""], ""cli_exposure"": {""kind"": ""composed"", ""reason"": ""The CLI composes reflection through knowledge routes and frames; it has no dedicated reflection verb.""}, ""last_reconciled_at"": ""2026-09-06T14:30:23.997737+00:00""}",
cap.aikit.methods,capability,,,,[],Use reusable Skills for a particular purpose,Resolve Method and SkillSet relations,Practice bound to purpose inputs and expected Return,Implemented source contract; linked tests not freshly executed in this documentation pass,agent-inference,docs/v2/20-PRAXIS-METHODS-AND-SKILL-COMPOSITION.md,crates/aikit-core/src/method.rs,crates/aikit-core/src/method.rs,aikit.html#q1/praxis,,,"{""basis"": ""Source-recovered capability account; original verification limits retained in Markdown."", ""converted_from_sha256"": ""9f8f34f320e78a72402844f14f7cf0607485953264edee23e2ce2574c0027c0b"", ""maintenance"": {""updated_at"": ""2026-09-06"", ""change_refs"": [""codex:thread:01a07608-d2ec-7b10-9713-74c445adf8a5"", ""EpiLogos/O-I#97""], ""code_basis"": {""crates/aikit-core/src/method.rs"": ""e76a19eff12777ef0db8288259921a903d9dd81fb5183148599f89c4a0edfeaa""}}, ""cli_commands"": [""method list""], ""cli_exposure"": {""kind"": ""direct"", ""reason"": ""Native CLI leaf commands recovered recursively from target/debug/aikit --help after a local build.""}, ""last_reconciled_at"": ""2026-09-06T14:30:23.997737+00:00""}",
cap.aikit.routines,capability,,,,[],Repeat proven work under declared conditions,Validate proof basis trigger and authority relations,Explainable Routine eligibility over a Method,Implemented source contract; linked tests not freshly executed in this documentation pass,agent-inference,../github-recovery-mirror/mirror/ai-kit/issues/164.json,crates/aikit-core/src/routine.rs,crates/aikit-core/src/routine.rs,aikit.html#q1/praxis,,,"{""basis"": ""Source-recovered capability account; original verification limits retained in Markdown."", ""converted_from_sha256"": ""9f8f34f320e78a72402844f14f7cf0607485953264edee23e2ce2574c0027c0b"", ""maintenance"": {""updated_at"": ""2026-09-06"", ""change_refs"": [""codex:thread:01a07608-d2ec-7b10-9713-74c445adf8a5"", ""EpiLogos/O-I#97""], ""code_basis"": {""crates/aikit-core/src/routine.rs"": ""0ebba5132c3cfff2d999afc7bc7520da6a44daf597b986b7ef9b751dd7e5036d""}}, ""cli_commands"": [], ""cli_exposure"": {""kind"": ""library"", ""reason"": ""Routine eligibility is implemented in the library; this CLI has no Routine command family.""}, ""last_reconciled_at"": ""2026-09-06T14:30:23.997737+00:00""}",
cap.aikit.composition,capability,,,,[],Select Components that fit the work,Resolve requirements contributions and provider bindings,A body reading with compatibility and limits,Implemented source contract; linked tests not freshly executed in this documentation pass,agent-inference,docs/v2/09-COMPOSABLE-RUNTIME-ENVIRONMENTS.md,crates/aikit-core/src/composition.rs;crates/aikit-adapters/src/actuation_stream_projection.rs,crates/aikit-core/tests/composition_v2.rs,aikit.html#q2/compose,,,"{""basis"": ""Source-recovered capability account; original verification limits retained in Markdown."", ""converted_from_sha256"": ""9f8f34f320e78a72402844f14f7cf0607485953264edee23e2ce2574c0027c0b"", ""maintenance"": {""updated_at"": ""2026-09-06"", ""change_refs"": [""codex:thread:01a07608-d2ec-7b10-9713-74c445adf8a5"", ""EpiLogos/O-I#97""], ""code_basis"": {""crates/aikit-core/src/composition.rs"": ""d7f875b975656b956d3e70efb031d6ab649c601a4a28f65a9c542e666fd3cc88"", ""crates/aikit-adapters/src/actuation_stream_projection.rs"": ""20c0500221852e94f90904cbeac123e1e9bd62cdeab2910ba714c60ae744da84""}}, ""cli_commands"": [""compose""], ""cli_exposure"": {""kind"": ""direct"", ""reason"": ""Native CLI leaf commands recovered recursively from target/debug/aikit --help after a local build.""}, ""last_reconciled_at"": ""2026-09-06T14:30:23.997737+00:00""}",
cap.aikit.sessions,capability,,,,[],Continue work through usable surfaces,Inspect declare compare and reconcile session topology,A traceable session with bounded ownership,Implemented source contract; linked tests not freshly executed in this documentation pass,agent-inference,README.md,crates/aikit-core/src/session_space.rs;crates/aikit-adapters/src/agent_connection.rs;crates/aikit-adapters/src/agent_session_host.rs;crates/aikit-adapters/src/session_space_connection.rs;crates/aikit-adapters/src/lib.rs,crates/aikit-cli/tests/session_integration.rs,aikit.html#q2/compose,,,"{""basis"": ""Source-recovered capability account; original verification limits retained in Markdown."", ""converted_from_sha256"": ""9f8f34f320e78a72402844f14f7cf0607485953264edee23e2ce2574c0027c0b"", ""maintenance"": {""updated_at"": ""2026-09-06"", ""change_refs"": [""codex:thread:01a07608-d2ec-7b10-9713-74c445adf8a5"", ""EpiLogos/O-I#97""], ""code_basis"": {""crates/aikit-core/src/session_space.rs"": ""aa7bf295619d3e7d1ed2174c0f546f728812f5dbeeb6299a100a8a386bdcf5c3"", ""crates/aikit-adapters/src/agent_connection.rs"": ""43b833515d51c807ed0964223c6b87d1c5a626daa63896d1830ca16fed77b5fe"", ""crates/aikit-adapters/src/agent_session_host.rs"": ""c8decbef224508ceef0864ea3af0d4cb05132d3795a37562cbba9e3843247cf6"", ""crates/aikit-adapters/src/session_space_connection.rs"": ""bd766003243b076f8a94c5829029680c3423d6a6b54c957929ad991d71fa7639"", ""crates/aikit-adapters/src/lib.rs"": ""8373c6a542e91179d08f97b6c03c3639b45e7c362af8b9900f84e22b0fffac20""}}, ""cli_commands"": [""session up"", ""session attach"", ""session list"", ""session diff"", ""session reconcile"", ""session down"", ""task spawn"", ""task list"", ""task close""], ""cli_exposure"": {""kind"": ""direct"", ""reason"": ""Native CLI leaf commands recovered recursively from target/debug/aikit --help after a local build; the separately released aikit-session-space companion is accounted for in cli_companions.""}, ""last_reconciled_at"": ""2026-09-06T16:46:32.541584+00:00"", ""cli_companions"": [{""executable"": ""aikit-session-space"", ""commands"": [""discover""], ""protocol"": ""aikit.session-space-application/v1"", ""source_refs"": [""crates/aikit-cli/src/bin/aikit-session-space.rs"", ""docs/v2/13-WORKING-ENVIRONMENT-PROVIDERS.md""]}]}",
cap.aikit.models,capability,,,,[],Choose an available model for actual requirements,Evaluate roster observations and capability fit,Candidate selection with explicit provider evidence,Implemented source contract; linked tests not freshly executed in this documentation pass,agent-inference,docs/v2/15-MODEL-ROSTER-CAPABILITY-FIT.md,crates/aikit-core/src/model_roster.rs,crates/aikit-core/tests/model_roster_acceptance.rs,aikit.html#q4/providers,,,"{""basis"": ""Source-recovered capability account; original verification limits retained in Markdown."", ""converted_from_sha256"": ""9f8f34f320e78a72402844f14f7cf0607485953264edee23e2ce2574c0027c0b"", ""maintenance"": {""updated_at"": ""2026-09-06"", ""change_refs"": [""codex:thread:01a07608-d2ec-7b10-9713-74c445adf8a5"", ""EpiLogos/O-I#97""], ""code_basis"": {""crates/aikit-core/src/model_roster.rs"": ""48e517bf0da874dfb01f11ad54e63beae8ded745e5af7b7ce9bda7642d882f31""}}, ""cli_commands"": [], ""cli_exposure"": {""kind"": ""gap"", ""reason"": ""The model roster capability has implementation evidence, but this CLI exposes no model command family.""}, ""last_reconciled_at"": ""2026-09-06T14:30:23.997737+00:00""}",
cap.aikit.activation,capability,,,,[],Know what a target made operative,Carry evidence-bearing activation receipts in ContextResolution,Standing selection and activation remain independently inspectable,Implemented source contract; linked tests not freshly executed in this documentation pass,agent-inference,../github-recovery-mirror/mirror/ai-kit/issues/153.comments.json,crates/aikit-core/src/context_activation.rs,crates/aikit-core/tests/context_activation_v2.rs,aikit.html#q2/start,,,"{""basis"": ""Source-recovered capability account; original verification limits retained in Markdown."", ""converted_from_sha256"": ""9f8f34f320e78a72402844f14f7cf0607485953264edee23e2ce2574c0027c0b"", ""maintenance"": {""updated_at"": ""2026-09-06"", ""change_refs"": [""codex:thread:01a07608-d2ec-7b10-9713-74c445adf8a5"", ""EpiLogos/O-I#97""], ""code_basis"": {""crates/aikit-core/src/context_activation.rs"": ""9f7fa3ee1360ff43fb7566b14c8da000e99f349fb104bb329fa1916af0d0d728""}}, ""cli_commands"": [""enable"", ""disable"", ""use"", ""context bind"", ""context reset""], ""cli_exposure"": {""kind"": ""direct"", ""reason"": ""Native CLI leaf commands recovered recursively from target/debug/aikit --help after a local build.""}, ""last_reconciled_at"": ""2026-09-06T14:30:23.997737+00:00""}",
cap.aikit.procedures,capability,,,,[],Change an environment with a visible boundary,Plan execute and undo a Procedure,Attributable effects with a recovery route,Implemented source contract; linked tests not freshly executed in this documentation pass,agent-inference,docs/SPEC-II-PROCEDURES-AND-INBOX.md,crates/aikit-core/src/procedure.rs,crates/aikit-cli/tests/procedure_commands.rs,aikit.html#q2/compose,,,"{""basis"": ""Source-recovered capability account; original verification limits retained in Markdown."", ""converted_from_sha256"": ""9f8f34f320e78a72402844f14f7cf0607485953264edee23e2ce2574c0027c0b"", ""maintenance"": {""updated_at"": ""2026-09-06"", ""change_refs"": [""codex:thread:01a07608-d2ec-7b10-9713-74c445adf8a5"", ""EpiLogos/O-I#97""], ""code_basis"": {""crates/aikit-core/src/procedure.rs"": ""6673e16c1ae5141df33c04704b3b54175de4e2d0a541f8fb9cefc5773c10a2ff""}}, ""cli_commands"": [""procedure plan profile-fork"", ""procedure diff"", ""procedure run"", ""procedure undo"", ""procedure list"", ""set rename"", ""set delete"", ""inbox"", ""capture"", ""promote"", ""bypass issue"", ""bypass list"", ""bypass revoke"", ""trust record"", ""trust show""], ""cli_exposure"": {""kind"": ""direct"", ""reason"": ""Native CLI leaf commands recovered recursively from target/debug/aikit --help after a local build.""}, ""last_reconciled_at"": ""2026-09-06T14:30:23.997737+00:00""}",
cap.aikit.explain,capability,,,,[],Understand how the effective world arose,Read causal explanation and recorded changes,Selection and change traces useful for diagnosis,Implemented source contract; linked tests not freshly executed in this documentation pass,agent-inference,docs/v2/02-RESOLUTION-AND-CONTEXT-COGNITION.md,crates/aikit-core/src/explain_history.rs,crates/aikit-cli/tests/explain_history_production_v2.rs,aikit.html#q3/resolution,,,"{""basis"": ""Source-recovered capability account; original verification limits retained in Markdown."", ""converted_from_sha256"": ""9f8f34f320e78a72402844f14f7cf0607485953264edee23e2ce2574c0027c0b"", ""maintenance"": {""updated_at"": ""2026-09-06"", ""change_refs"": [""codex:thread:01a07608-d2ec-7b10-9713-74c445adf8a5"", ""EpiLogos/O-I#97""], ""code_basis"": {""crates/aikit-core/src/explain_history.rs"": ""aa88d3f5a7d5f38687a32f04b7ee5ba7e20642934548d027c745ac200eb18589""}}, ""cli_commands"": [""explain"", ""history"", ""log export"", ""jobs"", ""failures"", ""bypasses"", ""doctor""], ""cli_exposure"": {""kind"": ""direct"", ""reason"": ""Native CLI leaf commands recovered recursively from target/debug/aikit --help after a local build.""}, ""last_reconciled_at"": ""2026-09-06T14:30:23.997737+00:00""}",
cap.aikit.familiarity,capability,,,,[],Reach familiar relevant resources efficiently,Rank eligible candidates from recorded use,Faster access with exact refs and authority preserved,Implemented source contract; linked tests not freshly executed in this documentation pass,agent-inference,docs/SPEC-III-SKILLSETS-AND-FRECENCY.md,crates/aikit-core/src/frecency.rs,crates/aikit-core/tests/familiarity_v2.rs,aikit.html#q3/resolution,,,"{""basis"": ""Source-recovered capability account; original verification limits retained in Markdown."", ""converted_from_sha256"": ""9f8f34f320e78a72402844f14f7cf0607485953264edee23e2ce2574c0027c0b"", ""maintenance"": {""updated_at"": ""2026-09-06"", ""change_refs"": [""codex:thread:01a07608-d2ec-7b10-9713-74c445adf8a5"", ""EpiLogos/O-I#97""], ""code_basis"": {""crates/aikit-core/src/frecency.rs"": ""a3c97e53adf4b57208bcb95dcceef3d7c2de8f52e08c5411922289d8ba9f9826""}}, ""cli_commands"": [""recent"", ""stats"", ""unused"", ""run"", ""shell init""], ""cli_exposure"": {""kind"": ""direct"", ""reason"": ""Native CLI leaf commands recovered recursively from target/debug/aikit --help after a local build.""}, ""last_reconciled_at"": ""2026-09-06T14:30:23.997737+00:00""}",
H0->H2,relation,suite-relations,H0,H2,[],,,,,agent-inference,O-I:docs/CANONICAL-PRODUCT-FIELD.md|QL-MEF#19(PR),,,,02:ground-context,L,"{""src_product"": ""Central"", ""dst_product"": ""AIKit"", ""ql"": """", ""cf_view"": ""CF3"", ""seam"": ""02:ground-context"", ""defined_in"": ""O-I:docs/CANONICAL-PRODUCT-FIELD.md|QL-MEF#19(PR)"", ""tracked_by"": ""EpiLogos/O-I#29;EpiLogos/Central#24(PR);EpiLogos/ai-kit#58(PR)"", ""maintenance"": {""updated_at"": ""2026-09-06"", ""change_refs"": [""codex:thread:01a07608-d2ec-7b10-9713-74c445adf8a5""]}, ""last_reconciled_at"": ""2026-09-06T14:30:23.997737+00:00""}",
H0->A2,relation,suite-relations,H0,A2,[],,,,,agent-inference,O-I:docs/CANONICAL-PRODUCT-FIELD.md|QL-MEF#19(PR),,,,02:ground-context,L,"{""src_product"": ""Central"", ""dst_product"": ""AIKit"", ""ql"": """", ""cf_view"": ""CF3"", ""seam"": ""02:ground-context"", ""defined_in"": ""O-I:docs/CANONICAL-PRODUCT-FIELD.md|QL-MEF#19(PR)"", ""tracked_by"": ""EpiLogos/O-I#29;EpiLogos/Central#24(PR);EpiLogos/ai-kit#58(PR)"", ""maintenance"": {""updated_at"": ""2026-09-06"", ""change_refs"": [""codex:thread:01a07608-d2ec-7b10-9713-74c445adf8a5""]}, ""last_reconciled_at"": ""2026-09-06T14:30:23.997737+00:00""}",
H1->H2,relation,suite-relations,H1,H2,[],,,,,agent-inference,O-I:docs/CANONICAL-PRODUCT-FIELD.md|QL-MEF#19(PR),,,,12:agency-operative-body,H,"{""src_product"": ""Actuation"", ""dst_product"": ""AIKit"", ""ql"": ""B1"", ""cf_view"": ""CF3"", ""seam"": ""12:agency-operative-body"", ""defined_in"": ""O-I:docs/CANONICAL-PRODUCT-FIELD.md|QL-MEF#19(PR)"", ""tracked_by"": ""EpiLogos/O-I#29;EpiLogos/Actuation#1;EpiLogos/ai-kit#58(PR)"", ""maintenance"": {""updated_at"": ""2026-09-06"", ""change_refs"": [""codex:thread:01a07608-d2ec-7b10-9713-74c445adf8a5""]}, ""last_reconciled_at"": ""2026-09-06T14:30:23.997737+00:00""}",
H1->A2,relation,suite-relations,H1,A2,[],,,,,agent-inference,O-I:docs/CANONICAL-PRODUCT-FIELD.md|QL-MEF#19(PR),,,,12:agency-operative-body,H,"{""src_product"": ""Actuation"", ""dst_product"": ""AIKit"", ""ql"": ""D2-transform"", ""cf_view"": ""CF3"", ""seam"": ""12:agency-operative-body"", ""defined_in"": ""O-I:docs/CANONICAL-PRODUCT-FIELD.md|QL-MEF#19(PR)"", ""tracked_by"": ""EpiLogos/O-I#29;EpiLogos/Actuation#1;EpiLogos/ai-kit#58(PR)"", ""maintenance"": {""updated_at"": ""2026-09-06"", ""change_refs"": [""codex:thread:01a07608-d2ec-7b10-9713-74c445adf8a5""]}, ""last_reconciled_at"": ""2026-09-06T14:30:23.997737+00:00""}",
H2->H0,relation,suite-relations,H2,H0,[],,,,,agent-inference,O-I:docs/CANONICAL-PRODUCT-FIELD.md|QL-MEF#19(PR),,,,02:ground-context,L,"{""src_product"": ""AIKit"", ""dst_product"": ""Central"", ""ql"": """", ""cf_view"": ""CF3"", ""seam"": ""02:ground-context"", ""defined_in"": ""O-I:docs/CANONICAL-PRODUCT-FIELD.md|QL-MEF#19(PR)"", ""tracked_by"": ""EpiLogos/O-I#29;EpiLogos/Central#24(PR);EpiLogos/ai-kit#58(PR)"", ""maintenance"": {""updated_at"": ""2026-09-06"", ""change_refs"": [""codex:thread:01a07608-d2ec-7b10-9713-74c445adf8a5""]}, ""last_reconciled_at"": ""2026-09-06T14:30:23.997737+00:00""}",
H2->H1,relation,suite-relations,H2,H1,[],,,,,agent-inference,O-I:docs/CANONICAL-PRODUCT-FIELD.md|QL-MEF#19(PR),,,,12:agency-operative-body,H,"{""src_product"": ""AIKit"", ""dst_product"": ""Actuation"", ""ql"": ""B1"", ""cf_view"": ""CF3"", ""seam"": ""12:agency-operative-body"", ""defined_in"": ""O-I:docs/CANONICAL-PRODUCT-FIELD.md|QL-MEF#19(PR)"", ""tracked_by"": ""EpiLogos/O-I#29;EpiLogos/Actuation#1;EpiLogos/ai-kit#58(PR)"", ""maintenance"": {""updated_at"": ""2026-09-06"", ""change_refs"": [""codex:thread:01a07608-d2ec-7b10-9713-74c445adf8a5""]}, ""last_reconciled_at"": ""2026-09-06T14:30:23.997737+00:00""}",
H2->H2,relation,suite-relations,H2,H2,[],,,,,agent-inference,O-I:docs/CANONICAL-PRODUCT-FIELD.md|QL-MEF#19(PR),,,,self:AIKit,I,"{""src_product"": ""AIKit"", ""dst_product"": ""AIKit"", ""ql"": """", ""cf_view"": ""CF3"", ""seam"": ""self:AIKit"", ""defined_in"": ""O-I:docs/CANONICAL-PRODUCT-FIELD.md|QL-MEF#19(PR)"", ""tracked_by"": ""EpiLogos/O-I#29;EpiLogos/ai-kit#58(PR)"", ""maintenance"": {""updated_at"": ""2026-09-06"", ""change_refs"": [""codex:thread:01a07608-d2ec-7b10-9713-74c445adf8a5""]}, ""last_reconciled_at"": ""2026-09-06T14:30:23.997737+00:00""}",
H2->H3,relation,suite-relations,H2,H3,[],,,,,agent-inference,O-I:docs/CANONICAL-PRODUCT-FIELD.md|QL-MEF#19(PR),,,,23:possibility-development,H,"{""src_product"": ""AIKit"", ""dst_product"": ""Factory"", ""ql"": ""A2|C3"", ""cf_view"": ""CF4"", ""seam"": ""23:possibility-development"", ""defined_in"": ""O-I:docs/CANONICAL-PRODUCT-FIELD.md|QL-MEF#19(PR)"", ""tracked_by"": ""EpiLogos/O-I#29;EpiLogos/ai-kit#58(PR);EpiLogos/agent-system-design#142(PR)"", ""maintenance"": {""updated_at"": ""2026-09-06"", ""change_refs"": [""codex:thread:01a07608-d2ec-7b10-9713-74c445adf8a5""]}, ""last_reconciled_at"": ""2026-09-06T14:30:23.997737+00:00""}",
H2->H4,relation,suite-relations,H2,H4,[],,,,,agent-inference,O-I:docs/CANONICAL-PRODUCT-FIELD.md|QL-MEF#19(PR),,,,24:context-materialisation,S,"{""src_product"": ""AIKit"", ""dst_product"": ""Workcell"", ""ql"": """", ""cf_view"": ""CF5-field"", ""seam"": ""24:context-materialisation"", ""defined_in"": ""O-I:docs/CANONICAL-PRODUCT-FIELD.md|QL-MEF#19(PR)"", ""tracked_by"": ""EpiLogos/O-I#29;EpiLogos/ai-kit#58(PR);EpiLogos/Workcell#18(PR)"", ""maintenance"": {""updated_at"": ""2026-09-06"", ""change_refs"": [""codex:thread:01a07608-d2ec-7b10-9713-74c445adf8a5""]}, ""last_reconciled_at"": ""2026-09-06T14:30:23.997737+00:00""}",
H2->H5,relation,suite-relations,H2,H5,[],,,,,agent-inference,O-I:docs/CANONICAL-PRODUCT-FIELD.md|QL-MEF#19(PR),,,,25:context-ql,S,"{""src_product"": ""AIKit"", ""dst_product"": ""QL"", ""ql"": """", ""cf_view"": """", ""seam"": ""25:context-ql"", ""defined_in"": ""O-I:docs/CANONICAL-PRODUCT-FIELD.md|QL-MEF#19(PR)"", ""tracked_by"": ""EpiLogos/O-I#29;EpiLogos/ai-kit#58(PR);EpiLogos/QL-MEF#19(PR)"", ""maintenance"": {""updated_at"": ""2026-09-06"", ""change_refs"": [""codex:thread:01a07608-d2ec-7b10-9713-74c445adf8a5""]}, ""last_reconciled_at"": ""2026-09-06T14:30:23.997737+00:00""}",
H2->A0,relation,suite-relations,H2,A0,[],,,,,agent-inference,O-I:docs/CANONICAL-PRODUCT-FIELD.md|QL-MEF#19(PR),,,,02:ground-context,L,"{""src_product"": ""AIKit"", ""dst_product"": ""Central"", ""ql"": """", ""cf_view"": ""CF3"", ""seam"": ""02:ground-context"", ""defined_in"": ""O-I:docs/CANONICAL-PRODUCT-FIELD.md|QL-MEF#19(PR)"", ""tracked_by"": ""EpiLogos/O-I#29;EpiLogos/Central#24(PR);EpiLogos/ai-kit#58(PR)"", ""maintenance"": {""updated_at"": ""2026-09-06"", ""change_refs"": [""codex:thread:01a07608-d2ec-7b10-9713-74c445adf8a5""]}, ""last_reconciled_at"": ""2026-09-06T14:30:23.997737+00:00""}",
H2->A1,relation,suite-relations,H2,A1,[],,,,,agent-inference,O-I:docs/CANONICAL-PRODUCT-FIELD.md|QL-MEF#19(PR),,,,12:agency-operative-body,H,"{""src_product"": ""AIKit"", ""dst_product"": ""Actuation"", ""ql"": ""D2-require"", ""cf_view"": ""CF3"", ""seam"": ""12:agency-operative-body"", ""defined_in"": ""O-I:docs/CANONICAL-PRODUCT-FIELD.md|QL-MEF#19(PR)"", ""tracked_by"": ""EpiLogos/O-I#29;EpiLogos/Actuation#1;EpiLogos/ai-kit#58(PR)"", ""maintenance"": {""updated_at"": ""2026-09-06"", ""change_refs"": [""codex:thread:01a07608-d2ec-7b10-9713-74c445adf8a5""]}, ""last_reconciled_at"": ""2026-09-06T14:30:23.997737+00:00""}",
H2->A2,relation,suite-relations,H2,A2,[],,,,,agent-inference,O-I:docs/CANONICAL-PRODUCT-FIELD.md|QL-MEF#19(PR),,,,conjugation:AIKit,H,"{""src_product"": ""AIKit"", ""dst_product"": ""AIKit"", ""ql"": ""D1"", ""cf_view"": ""CF3"", ""seam"": ""conjugation:AIKit"", ""defined_in"": ""O-I:docs/CANONICAL-PRODUCT-FIELD.md|QL-MEF#19(PR)"", ""tracked_by"": ""EpiLogos/O-I#29;EpiLogos/ai-kit#58(PR)"", ""maintenance"": {""updated_at"": ""2026-09-06"", ""change_refs"": [""codex:thread:01a07608-d2ec-7b10-9713-74c445adf8a5""]}, ""last_reconciled_at"": ""2026-09-06T14:30:23.997737+00:00""}",
H2->A3,relation,suite-relations,H2,A3,[],,,,,agent-inference,O-I:docs/CANONICAL-PRODUCT-FIELD.md|QL-MEF#19(PR),,,,23:possibility-development,H,"{""src_product"": ""AIKit"", ""dst_product"": ""Factory"", ""ql"": ""D2-transform|D2-complete"", ""cf_view"": ""CF4"", ""seam"": ""23:possibility-development"", ""defined_in"": ""O-I:docs/CANONICAL-PRODUCT-FIELD.md|QL-MEF#19(PR)"", ""tracked_by"": ""EpiLogos/O-I#29;EpiLogos/ai-kit#58(PR);EpiLogos/agent-system-design#142(PR)"", ""maintenance"": {""updated_at"": ""2026-09-06"", ""change_refs"": [""codex:thread:01a07608-d2ec-7b10-9713-74c445adf8a5""]}, ""last_reconciled_at"": ""2026-09-06T14:30:23.997737+00:00""}",
H2->A4,relation,suite-relations,H2,A4,[],,,,,agent-inference,O-I:docs/CANONICAL-PRODUCT-FIELD.md|QL-MEF#19(PR),,,,24:context-materialisation,S,"{""src_product"": ""AIKit"", ""dst_product"": ""Workcell"", ""ql"": """", ""cf_view"": ""CF5-field"", ""seam"": ""24:context-materialisation"", ""defined_in"": ""O-I:docs/CANONICAL-PRODUCT-FIELD.md|QL-MEF#19(PR)"", ""tracked_by"": ""EpiLogos/O-I#29;EpiLogos/ai-kit#58(PR);EpiLogos/Workcell#18(PR)"", ""maintenance"": {""updated_at"": ""2026-09-06"", ""change_refs"": [""codex:thread:01a07608-d2ec-7b10-9713-74c445adf8a5""]}, ""last_reconciled_at"": ""2026-09-06T14:30:23.997737+00:00""}",
H2->A5,relation,suite-relations,H2,A5,[],,,,,agent-inference,O-I:docs/CANONICAL-PRODUCT-FIELD.md|QL-MEF#19(PR),,,,25:context-ql,S,"{""src_product"": ""AIKit"", ""dst_product"": ""QL"", ""ql"": """", ""cf_view"": """", ""seam"": ""25:context-ql"", ""defined_in"": ""O-I:docs/CANONICAL-PRODUCT-FIELD.md|QL-MEF#19(PR)"", ""tracked_by"": ""EpiLogos/O-I#29;EpiLogos/ai-kit#58(PR);EpiLogos/QL-MEF#19(PR)"", ""maintenance"": {""updated_at"": ""2026-09-06"", ""change_refs"": [""codex:thread:01a07608-d2ec-7b10-9713-74c445adf8a5""]}, ""last_reconciled_at"": ""2026-09-06T14:30:23.997737+00:00""}",
H3->H2,relation,suite-relations,H3,H2,[],,,,,agent-inference,O-I:docs/CANONICAL-PRODUCT-FIELD.md|QL-MEF#19(PR),,,,23:possibility-development,H,"{""src_product"": ""Factory"", ""dst_product"": ""AIKit"", ""ql"": ""A2|C3"", ""cf_view"": ""CF4"", ""seam"": ""23:possibility-development"", ""defined_in"": ""O-I:docs/CANONICAL-PRODUCT-FIELD.md|QL-MEF#19(PR)"", ""tracked_by"": ""EpiLogos/O-I#29;EpiLogos/ai-kit#58(PR);EpiLogos/agent-system-design#142(PR)"", ""maintenance"": {""updated_at"": ""2026-09-06"", ""change_refs"": [""codex:thread:01a07608-d2ec-7b10-9713-74c445adf8a5""]}, ""last_reconciled_at"": ""2026-09-06T14:30:23.997737+00:00""}",
H3->A2,relation,suite-relations,H3,A2,[],,,,,agent-inference,O-I:docs/CANONICAL-PRODUCT-FIELD.md|QL-MEF#19(PR),,,,23:possibility-development,H,"{""src_product"": ""Factory"", ""dst_product"": ""AIKit"", ""ql"": ""D2-require|D2-complete"", ""cf_view"": ""CF4"", ""seam"": ""23:possibility-development"", ""defined_in"": ""O-I:docs/CANONICAL-PRODUCT-FIELD.md|QL-MEF#19(PR)"", ""tracked_by"": ""EpiLogos/O-I#29;EpiLogos/ai-kit#58(PR);EpiLogos/agent-system-design#142(PR)"", ""maintenance"": {""updated_at"": ""2026-09-06"", ""change_refs"": [""codex:thread:01a07608-d2ec-7b10-9713-74c445adf8a5""]}, ""last_reconciled_at"": ""2026-09-06T14:30:23.997737+00:00""}",
H4->H2,relation,suite-relations,H4,H2,[],,,,,agent-inference,O-I:docs/CANONICAL-PRODUCT-FIELD.md|QL-MEF#19(PR),,,,24:context-materialisation,S,"{""src_product"": ""Workcell"", ""dst_product"": ""AIKit"", ""ql"": """", ""cf_view"": ""CF5-field"", ""seam"": ""24:context-materialisation"", ""defined_in"": ""O-I:docs/CANONICAL-PRODUCT-FIELD.md|QL-MEF#19(PR)"", ""tracked_by"": ""EpiLogos/O-I#29;EpiLogos/ai-kit#58(PR);EpiLogos/Workcell#18(PR)"", ""maintenance"": {""updated_at"": ""2026-09-06"", ""change_refs"": [""codex:thread:01a07608-d2ec-7b10-9713-74c445adf8a5""]}, ""last_reconciled_at"": ""2026-09-06T14:30:23.997737+00:00""}",
H4->A2,relation,suite-relations,H4,A2,[],,,,,agent-inference,O-I:docs/CANONICAL-PRODUCT-FIELD.md|QL-MEF#19(PR),,,,24:context-materialisation,S,"{""src_product"": ""Workcell"", ""dst_product"": ""AIKit"", ""ql"": """", ""cf_view"": ""CF5-field"", ""seam"": ""24:context-materialisation"", ""defined_in"": ""O-I:docs/CANONICAL-PRODUCT-FIELD.md|QL-MEF#19(PR)"", ""tracked_by"": ""EpiLogos/O-I#29;EpiLogos/ai-kit#58(PR);EpiLogos/Workcell#18(PR)"", ""maintenance"": {""updated_at"": ""2026-09-06"", ""change_refs"": [""codex:thread:01a07608-d2ec-7b10-9713-74c445adf8a5""]}, ""last_reconciled_at"": ""2026-09-06T14:30:23.997737+00:00""}",
H5->H2,relation,suite-relations,H5,H2,[],,,,,agent-inference,O-I:docs/CANONICAL-PRODUCT-FIELD.md|QL-MEF#19(PR),,,,25:context-ql,S,"{""src_product"": ""QL"", ""dst_product"": ""AIKit"", ""ql"": """", ""cf_view"": """", ""seam"": ""25:context-ql"", ""defined_in"": ""O-I:docs/CANONICAL-PRODUCT-FIELD.md|QL-MEF#19(PR)"", ""tracked_by"": ""EpiLogos/O-I#29;EpiLogos/ai-kit#58(PR);EpiLogos/QL-MEF#19(PR)"", ""maintenance"": {""updated_at"": ""2026-09-06"", ""change_refs"": [""codex:thread:01a07608-d2ec-7b10-9713-74c445adf8a5""]}, ""last_reconciled_at"": ""2026-09-06T14:30:23.997737+00:00""}",
H5->A2,relation,suite-relations,H5,A2,[],,,,,agent-inference,O-I:docs/CANONICAL-PRODUCT-FIELD.md|QL-MEF#19(PR),,,,25:context-ql,S,"{""src_product"": ""QL"", ""dst_product"": ""AIKit"", ""ql"": """", ""cf_view"": """", ""seam"": ""25:context-ql"", ""defined_in"": ""O-I:docs/CANONICAL-PRODUCT-FIELD.md|QL-MEF#19(PR)"", ""tracked_by"": ""EpiLogos/O-I#29;EpiLogos/ai-kit#58(PR);EpiLogos/QL-MEF#19(PR)"", ""maintenance"": {""updated_at"": ""2026-09-06"", ""change_refs"": [""codex:thread:01a07608-d2ec-7b10-9713-74c445adf8a5""]}, ""last_reconciled_at"": ""2026-09-06T14:30:23.997737+00:00""}",
A0->H2,relation,suite-relations,A0,H2,[],,,,,agent-inference,O-I:docs/CANONICAL-PRODUCT-FIELD.md|QL-MEF#19(PR),,,,02:ground-context,L,"{""src_product"": ""Central"", ""dst_product"": ""AIKit"", ""ql"": """", ""cf_view"": ""CF3"", ""seam"": ""02:ground-context"", ""defined_in"": ""O-I:docs/CANONICAL-PRODUCT-FIELD.md|QL-MEF#19(PR)"", ""tracked_by"": ""EpiLogos/O-I#29;EpiLogos/Central#24(PR);EpiLogos/ai-kit#58(PR)"", ""maintenance"": {""updated_at"": ""2026-09-06"", ""change_refs"": [""codex:thread:01a07608-d2ec-7b10-9713-74c445adf8a5""]}, ""last_reconciled_at"": ""2026-09-06T14:30:23.997737+00:00""}",
A0->A2,relation,suite-relations,A0,A2,[],,,,,agent-inference,O-I:docs/CANONICAL-PRODUCT-FIELD.md|QL-MEF#19(PR),,,,02:ground-context,L,"{""src_product"": ""Central"", ""dst_product"": ""AIKit"", ""ql"": """", ""cf_view"": ""CF3"", ""seam"": ""02:ground-context"", ""defined_in"": ""O-I:docs/CANONICAL-PRODUCT-FIELD.md|QL-MEF#19(PR)"", ""tracked_by"": ""EpiLogos/O-I#29;EpiLogos/Central#24(PR);EpiLogos/ai-kit#58(PR)"", ""maintenance"": {""updated_at"": ""2026-09-06"", ""change_refs"": [""codex:thread:01a07608-d2ec-7b10-9713-74c445adf8a5""]}, ""last_reconciled_at"": ""2026-09-06T14:30:23.997737+00:00""}",
A1->H2,relation,suite-relations,A1,H2,[],,,,,agent-inference,O-I:docs/CANONICAL-PRODUCT-FIELD.md|QL-MEF#19(PR),,,,12:agency-operative-body,H,"{""src_product"": ""Actuation"", ""dst_product"": ""AIKit"", ""ql"": ""D2-require.inverse"", ""cf_view"": ""CF3"", ""seam"": ""12:agency-operative-body"", ""defined_in"": ""O-I:docs/CANONICAL-PRODUCT-FIELD.md|QL-MEF#19(PR)"", ""tracked_by"": ""EpiLogos/O-I#29;EpiLogos/Actuation#1;EpiLogos/ai-kit#58(PR)"", ""maintenance"": {""updated_at"": ""2026-09-06"", ""change_refs"": [""codex:thread:01a07608-d2ec-7b10-9713-74c445adf8a5""]}, ""last_reconciled_at"": ""2026-09-06T14:30:23.997737+00:00""}",
A1->A2,relation,suite-relations,A1,A2,[],,,,,agent-inference,O-I:docs/CANONICAL-PRODUCT-FIELD.md|QL-MEF#19(PR),,,,12:agency-operative-body,H,"{""src_product"": ""Actuation"", ""dst_product"": ""AIKit"", ""ql"": ""D3:B1"", ""cf_view"": ""CF3"", ""seam"": ""12:agency-operative-body"", ""defined_in"": ""O-I:docs/CANONICAL-PRODUCT-FIELD.md|QL-MEF#19(PR)"", ""tracked_by"": ""EpiLogos/O-I#29;EpiLogos/Actuation#1;EpiLogos/ai-kit#58(PR)"", ""maintenance"": {""updated_at"": ""2026-09-06"", ""change_refs"": [""codex:thread:01a07608-d2ec-7b10-9713-74c445adf8a5""]}, ""last_reconciled_at"": ""2026-09-06T14:30:23.997737+00:00""}",
A2->H0,relation,suite-relations,A2,H0,[],,,,,agent-inference,O-I:docs/CANONICAL-PRODUCT-FIELD.md|QL-MEF#19(PR),,,,02:ground-context,L,"{""src_product"": ""AIKit"", ""dst_product"": ""Central"", ""ql"": """", ""cf_view"": ""CF3"", ""seam"": ""02:ground-context"", ""defined_in"": ""O-I:docs/CANONICAL-PRODUCT-FIELD.md|QL-MEF#19(PR)"", ""tracked_by"": ""EpiLogos/O-I#29;EpiLogos/Central#24(PR);EpiLogos/ai-kit#58(PR)"", ""maintenance"": {""updated_at"": ""2026-09-06"", ""change_refs"": [""codex:thread:01a07608-d2ec-7b10-9713-74c445adf8a5""]}, ""last_reconciled_at"": ""2026-09-06T14:30:23.997737+00:00""}",
A2->H1,relation,suite-relations,A2,H1,[],,,,,agent-inference,O-I:docs/CANONICAL-PRODUCT-FIELD.md|QL-MEF#19(PR),,,,12:agency-operative-body,H,"{""src_product"": ""AIKit"", ""dst_product"": ""Actuation"", ""ql"": ""D2-transform.inverse"", ""cf_view"": ""CF3"", ""seam"": ""12:agency-operative-body"", ""defined_in"": ""O-I:docs/CANONICAL-PRODUCT-FIELD.md|QL-MEF#19(PR)"", ""tracked_by"": ""EpiLogos/O-I#29;EpiLogos/Actuation#1;EpiLogos/ai-kit#58(PR)"", ""maintenance"": {""updated_at"": ""2026-09-06"", ""change_refs"": [""codex:thread:01a07608-d2ec-7b10-9713-74c445adf8a5""]}, ""last_reconciled_at"": ""2026-09-06T14:30:23.997737+00:00""}",
A2->H2,relation,suite-relations,A2,H2,[],,,,,agent-inference,O-I:docs/CANONICAL-PRODUCT-FIELD.md|QL-MEF#19(PR),,,,conjugation:AIKit,H,"{""src_product"": ""AIKit"", ""dst_product"": ""AIKit"", ""ql"": ""D1.inverse"", ""cf_view"": ""CF3"", ""seam"": ""conjugation:AIKit"", ""defined_in"": ""O-I:docs/CANONICAL-PRODUCT-FIELD.md|QL-MEF#19(PR)"", ""tracked_by"": ""EpiLogos/O-I#29;EpiLogos/ai-kit#58(PR)"", ""maintenance"": {""updated_at"": ""2026-09-06"", ""change_refs"": [""codex:thread:01a07608-d2ec-7b10-9713-74c445adf8a5""]}, ""last_reconciled_at"": ""2026-09-06T14:30:23.997737+00:00""}",
A2->H3,relation,suite-relations,A2,H3,[],,,,,agent-inference,O-I:docs/CANONICAL-PRODUCT-FIELD.md|QL-MEF#19(PR),,,,23:possibility-development,H,"{""src_product"": ""AIKit"", ""dst_product"": ""Factory"", ""ql"": ""D2-require.inverse|D2-complete.inverse"", ""cf_view"": ""CF4"", ""seam"": ""23:possibility-development"", ""defined_in"": ""O-I:docs/CANONICAL-PRODUCT-FIELD.md|QL-MEF#19(PR)"", ""tracked_by"": ""EpiLogos/O-I#29;EpiLogos/ai-kit#58(PR);EpiLogos/agent-system-design#142(PR)"", ""maintenance"": {""updated_at"": ""2026-09-06"", ""change_refs"": [""codex:thread:01a07608-d2ec-7b10-9713-74c445adf8a5""]}, ""last_reconciled_at"": ""2026-09-06T14:30:23.997737+00:00""}",
A2->H4,relation,suite-relations,A2,H4,[],,,,,agent-inference,O-I:docs/CANONICAL-PRODUCT-FIELD.md|QL-MEF#19(PR),,,,24:context-materialisation,S,"{""src_product"": ""AIKit"", ""dst_product"": ""Workcell"", ""ql"": """", ""cf_view"": ""CF5-field"", ""seam"": ""24:context-materialisation"", ""defined_in"": ""O-I:docs/CANONICAL-PRODUCT-FIELD.md|QL-MEF#19(PR)"", ""tracked_by"": ""EpiLogos/O-I#29;EpiLogos/ai-kit#58(PR);EpiLogos/Workcell#18(PR)"", ""maintenance"": {""updated_at"": ""2026-09-06"", ""change_refs"": [""codex:thread:01a07608-d2ec-7b10-9713-74c445adf8a5""]}, ""last_reconciled_at"": ""2026-09-06T14:30:23.997737+00:00""}",
A2->H5,relation,suite-relations,A2,H5,[],,,,,agent-inference,O-I:docs/CANONICAL-PRODUCT-FIELD.md|QL-MEF#19(PR),,,,25:context-ql,S,"{""src_product"": ""AIKit"", ""dst_product"": ""QL"", ""ql"": """", ""cf_view"": """", ""seam"": ""25:context-ql"", ""defined_in"": ""O-I:docs/CANONICAL-PRODUCT-FIELD.md|QL-MEF#19(PR)"", ""tracked_by"": ""EpiLogos/O-I#29;EpiLogos/ai-kit#58(PR);EpiLogos/QL-MEF#19(PR)"", ""maintenance"": {""updated_at"": ""2026-09-06"", ""change_refs"": [""codex:thread:01a07608-d2ec-7b10-9713-74c445adf8a5""]}, ""last_reconciled_at"": ""2026-09-06T14:30:23.997737+00:00""}",
A2->A0,relation,suite-relations,A2,A0,[],,,,,agent-inference,O-I:docs/CANONICAL-PRODUCT-FIELD.md|QL-MEF#19(PR),,,,02:ground-context,L,"{""src_product"": ""AIKit"", ""dst_product"": ""Central"", ""ql"": """", ""cf_view"": ""CF3"", ""seam"": ""02:ground-context"", ""defined_in"": ""O-I:docs/CANONICAL-PRODUCT-FIELD.md|QL-MEF#19(PR)"", ""tracked_by"": ""EpiLogos/O-I#29;EpiLogos/Central#24(PR);EpiLogos/ai-kit#58(PR)"", ""maintenance"": {""updated_at"": ""2026-09-06"", ""change_refs"": [""codex:thread:01a07608-d2ec-7b10-9713-74c445adf8a5""]}, ""last_reconciled_at"": ""2026-09-06T14:30:23.997737+00:00""}",
A2->A1,relation,suite-relations,A2,A1,[],,,,,agent-inference,O-I:docs/CANONICAL-PRODUCT-FIELD.md|QL-MEF#19(PR),,,,12:agency-operative-body,H,"{""src_product"": ""AIKit"", ""dst_product"": ""Actuation"", ""ql"": ""D3:B1"", ""cf_view"": ""CF3"", ""seam"": ""12:agency-operative-body"", ""defined_in"": ""O-I:docs/CANONICAL-PRODUCT-FIELD.md|QL-MEF#19(PR)"", ""tracked_by"": ""EpiLogos/O-I#29;EpiLogos/Actuation#1;EpiLogos/ai-kit#58(PR)"", ""maintenance"": {""updated_at"": ""2026-09-06"", ""change_refs"": [""codex:thread:01a07608-d2ec-7b10-9713-74c445adf8a5""]}, ""last_reconciled_at"": ""2026-09-06T14:30:23.997737+00:00""}",
A2->A2,relation,suite-relations,A2,A2,[],,,,,agent-inference,O-I:docs/CANONICAL-PRODUCT-FIELD.md|QL-MEF#19(PR),,,,self:AIKit,I,"{""src_product"": ""AIKit"", ""dst_product"": ""AIKit"", ""ql"": """", ""cf_view"": ""CF3"", ""seam"": ""self:AIKit"", ""defined_in"": ""O-I:docs/CANONICAL-PRODUCT-FIELD.md|QL-MEF#19(PR)"", ""tracked_by"": ""EpiLogos/O-I#29;EpiLogos/ai-kit#58(PR)"", ""maintenance"": {""updated_at"": ""2026-09-06"", ""change_refs"": [""codex:thread:01a07608-d2ec-7b10-9713-74c445adf8a5""]}, ""last_reconciled_at"": ""2026-09-06T14:30:23.997737+00:00""}",
A2->A3,relation,suite-relations,A2,A3,[],,,,,agent-inference,O-I:docs/CANONICAL-PRODUCT-FIELD.md|QL-MEF#19(PR),,,,23:possibility-development,H,"{""src_product"": ""AIKit"", ""dst_product"": ""Factory"", ""ql"": ""D3:A2|D3:C3"", ""cf_view"": ""CF4"", ""seam"": ""23:possibility-development"", ""defined_in"": ""O-I:docs/CANONICAL-PRODUCT-FIELD.md|QL-MEF#19(PR)"", ""tracked_by"": ""EpiLogos/O-I#29;EpiLogos/ai-kit#58(PR);EpiLogos/agent-system-design#142(PR)"", ""maintenance"": {""updated_at"": ""2026-09-06"", ""change_refs"": [""codex:thread:01a07608-d2ec-7b10-9713-74c445adf8a5""]}, ""last_reconciled_at"": ""2026-09-06T14:30:23.997737+00:00""}",
A2->A4,relation,suite-relations,A2,A4,[],,,,,agent-inference,O-I:docs/CANONICAL-PRODUCT-FIELD.md|QL-MEF#19(PR),,,,24:context-materialisation,S,"{""src_product"": ""AIKit"", ""dst_product"": ""Workcell"", ""ql"": """", ""cf_view"": ""CF5-field"", ""seam"": ""24:context-materialisation"", ""defined_in"": ""O-I:docs/CANONICAL-PRODUCT-FIELD.md|QL-MEF#19(PR)"", ""tracked_by"": ""EpiLogos/O-I#29;EpiLogos/ai-kit#58(PR);EpiLogos/Workcell#18(PR)"", ""maintenance"": {""updated_at"": ""2026-09-06"", ""change_refs"": [""codex:thread:01a07608-d2ec-7b10-9713-74c445adf8a5""]}, ""last_reconciled_at"": ""2026-09-06T14:30:23.997737+00:00""}",
A2->A5,relation,suite-relations,A2,A5,[],,,,,agent-inference,O-I:docs/CANONICAL-PRODUCT-FIELD.md|QL-MEF#19(PR),,,,25:context-ql,S,"{""src_product"": ""AIKit"", ""dst_product"": ""QL"", ""ql"": """", ""cf_view"": """", ""seam"": ""25:context-ql"", ""defined_in"": ""O-I:docs/CANONICAL-PRODUCT-FIELD.md|QL-MEF#19(PR)"", ""tracked_by"": ""EpiLogos/O-I#29;EpiLogos/ai-kit#58(PR);EpiLogos/QL-MEF#19(PR)"", ""maintenance"": {""updated_at"": ""2026-09-06"", ""change_refs"": [""codex:thread:01a07608-d2ec-7b10-9713-74c445adf8a5""]}, ""last_reconciled_at"": ""2026-09-06T14:30:23.997737+00:00""}",
A3->H2,relation,suite-relations,A3,H2,[],,,,,agent-inference,O-I:docs/CANONICAL-PRODUCT-FIELD.md|QL-MEF#19(PR),,,,23:possibility-development,H,"{""src_product"": ""Factory"", ""dst_product"": ""AIKit"", ""ql"": ""D2-transform.inverse|D2-complete.inverse"", ""cf_view"": ""CF4"", ""seam"": ""23:possibility-development"", ""defined_in"": ""O-I:docs/CANONICAL-PRODUCT-FIELD.md|QL-MEF#19(PR)"", ""tracked_by"": ""EpiLogos/O-I#29;EpiLogos/ai-kit#58(PR);EpiLogos/agent-system-design#142(PR)"", ""maintenance"": {""updated_at"": ""2026-09-06"", ""change_refs"": [""codex:thread:01a07608-d2ec-7b10-9713-74c445adf8a5""]}, ""last_reconciled_at"": ""2026-09-06T14:30:23.997737+00:00""}",
A3->A2,relation,suite-relations,A3,A2,[],,,,,agent-inference,O-I:docs/CANONICAL-PRODUCT-FIELD.md|QL-MEF#19(PR),,,,23:possibility-development,H,"{""src_product"": ""Factory"", ""dst_product"": ""AIKit"", ""ql"": ""D3:A2|D3:C3"", ""cf_view"": ""CF4"", ""seam"": ""23:possibility-development"", ""defined_in"": ""O-I:docs/CANONICAL-PRODUCT-FIELD.md|QL-MEF#19(PR)"", ""tracked_by"": ""EpiLogos/O-I#29;EpiLogos/ai-kit#58(PR);EpiLogos/agent-system-design#142(PR)"", ""maintenance"": {""updated_at"": ""2026-09-06"", ""change_refs"": [""codex:thread:01a07608-d2ec-7b10-9713-74c445adf8a5""]}, ""last_reconciled_at"": ""2026-09-06T14:30:23.997737+00:00""}",
A4->H2,relation,suite-relations,A4,H2,[],,,,,agent-inference,O-I:docs/CANONICAL-PRODUCT-FIELD.md|QL-MEF#19(PR),,,,24:context-materialisation,S,"{""src_product"": ""Workcell"", ""dst_product"": ""AIKit"", ""ql"": """", ""cf_view"": ""CF5-field"", ""seam"": ""24:context-materialisation"", ""defined_in"": ""O-I:docs/CANONICAL-PRODUCT-FIELD.md|QL-MEF#19(PR)"", ""tracked_by"": ""EpiLogos/O-I#29;EpiLogos/ai-kit#58(PR);EpiLogos/Workcell#18(PR)"", ""maintenance"": {""updated_at"": ""2026-09-06"", ""change_refs"": [""codex:thread:01a07608-d2ec-7b10-9713-74c445adf8a5""]}, ""last_reconciled_at"": ""2026-09-06T14:30:23.997737+00:00""}",
A4->A2,relation,suite-relations,A4,A2,[],,,,,agent-inference,O-I:docs/CANONICAL-PRODUCT-FIELD.md|QL-MEF#19(PR),,,,24:context-materialisation,S,"{""src_product"": ""Workcell"", ""dst_product"": ""AIKit"", ""ql"": """", ""cf_view"": ""CF5-field"", ""seam"": ""24:context-materialisation"", ""defined_in"": ""O-I:docs/CANONICAL-PRODUCT-FIELD.md|QL-MEF#19(PR)"", ""tracked_by"": ""EpiLogos/O-I#29;EpiLogos/ai-kit#58(PR);EpiLogos/Workcell#18(PR)"", ""maintenance"": {""updated_at"": ""2026-09-06"", ""change_refs"": [""codex:thread:01a07608-d2ec-7b10-9713-74c445adf8a5""]}, ""last_reconciled_at"": ""2026-09-06T14:30:23.997737+00:00""}",
A5->H2,relation,suite-relations,A5,H2,[],,,,,agent-inference,O-I:docs/CANONICAL-PRODUCT-FIELD.md|QL-MEF#19(PR),,,,25:context-ql,S,"{""src_product"": ""QL"", ""dst_product"": ""AIKit"", ""ql"": """", ""cf_view"": """", ""seam"": ""25:context-ql"", ""defined_in"": ""O-I:docs/CANONICAL-PRODUCT-FIELD.md|QL-MEF#19(PR)"", ""tracked_by"": ""EpiLogos/O-I#29;EpiLogos/ai-kit#58(PR);EpiLogos/QL-MEF#19(PR)"", ""maintenance"": {""updated_at"": ""2026-09-06"", ""change_refs"": [""codex:thread:01a07608-d2ec-7b10-9713-74c445adf8a5""]}, ""last_reconciled_at"": ""2026-09-06T14:30:23.997737+00:00""}",
A5->A2,relation,suite-relations,A5,A2,[],,,,,agent-inference,O-I:docs/CANONICAL-PRODUCT-FIELD.md|QL-MEF#19(PR),,,,25:context-ql,S,"{""src_product"": ""QL"", ""dst_product"": ""AIKit"", ""ql"": """", ""cf_view"": """", ""seam"": ""25:context-ql"", ""defined_in"": ""O-I:docs/CANONICAL-PRODUCT-FIELD.md|QL-MEF#19(PR)"", ""tracked_by"": ""EpiLogos/O-I#29;EpiLogos/ai-kit#58(PR);EpiLogos/QL-MEF#19(PR)"", ""maintenance"": {""updated_at"": ""2026-09-06"", ""change_refs"": [""codex:thread:01a07608-d2ec-7b10-9713-74c445adf8a5""]}, ""last_reconciled_at"": ""2026-09-06T14:30:23.997737+00:00""}",
rel.aikit.q0.S,relation,product-field,q0,S,"[""cap.aikit.discovery"", ""cap.aikit.adoption"", ""cap.aikit.projection""]",,,,,agent-inference,ProjectCentral/user/aikit.html#whole-why,,,aikit.html#whole/why,"Agentic work draws on tools, Skills, knowledge, models and working environments that come from many places. A person needs these resources to become a coherent working context without rebuilding their setup around each Agent. AIKit makes the relevant part of that world discoverable, explainable and usable for the work at hand.",,"{""basis"": ""Exact overview seed text. Capability links follow their existing governing expanded account units; cell placement is editorial inference."", ""seed_ref"": ""aikit:seed:q0"", ""source_unit"": ""whole-why"", ""seed_sha256"": ""d57463a327bba62808845484fadc35bbcad99bea0a6ce40ee934a15f5435635e"", ""source_standing"": ""agent-inference"", ""reconciled_change_ref"": ""codex:thread:01a07608-d2ec-7b10-9713-74c445adf8a5"", ""maintenance"": {""updated_at"": ""2026-09-06"", ""change_refs"": [""codex:thread:01a07608-d2ec-7b10-9713-74c445adf8a5""]}, ""last_reconciled_at"": ""2026-09-06T14:30:23.997737+00:00""}",Why?
rel.aikit.q1.S,relation,product-field,q1,S,"[""cap.aikit.resource-index"", ""cap.aikit.methods"", ""cap.aikit.routines""]",,,,,agent-inference,ProjectCentral/user/aikit.html#whole-what,,,aikit.html#whole/what,"AIKit is a Rust CLI, TUI and shared application toolkit for discovering agent resources, selecting them for a Project or task, and projecting the resulting configuration into supported harnesses. It also provides knowledge search and retrieval, semantic Wiki navigation, runtime composition and session integration. Its concrete product is an inspectable answer to what this actor can use and ask about here.",,"{""basis"": ""Exact overview seed text. Capability links follow their existing governing expanded account units; cell placement is editorial inference."", ""seed_ref"": ""aikit:seed:q1"", ""source_unit"": ""whole-what"", ""seed_sha256"": ""eeaa885aec8af8592b8027608fdf42172ec47b666f4d0ef40d21604e3fcab10a"", ""source_standing"": ""agent-inference"", ""reconciled_change_ref"": ""codex:thread:01a07608-d2ec-7b10-9713-74c445adf8a5"", ""maintenance"": {""updated_at"": ""2026-09-06"", ""change_refs"": [""codex:thread:01a07608-d2ec-7b10-9713-74c445adf8a5""]}, ""last_reconciled_at"": ""2026-09-06T14:30:23.997737+00:00""}",What?
rel.aikit.q2.S,relation,product-field,q2,S,"[""cap.aikit.context-resolution"", ""cap.aikit.generation"", ""cap.aikit.source-horizon"", ""cap.aikit.knowledge-navigation"", ""cap.aikit.wiki-write"", ""cap.aikit.projectcentral"", ""cap.aikit.living-knowledge"", ""cap.aikit.reflection"", ""cap.aikit.composition"", ""cap.aikit.sessions"", ""cap.aikit.activation"", ""cap.aikit.procedures""]",,,,,agent-inference,ProjectCentral/user/aikit.html#whole-how,,,aikit.html#whole/how,"AIKit registers sources, resolves scoped choices against trust and compatibility, and prepares a target-specific view. It keeps larger bodies of knowledge and instructions addressable so an Agent can retrieve what the task needs. Changes become reviewable plans or generations; explanation connects the effective environment to the choices and observations that produced it.",,"{""basis"": ""Exact overview seed text. Capability links follow their existing governing expanded account units; cell placement is editorial inference."", ""seed_ref"": ""aikit:seed:q2"", ""source_unit"": ""whole-how"", ""seed_sha256"": ""9f4fef1b1fc842ccfe9bcd2d4a0b5ff5d3b0223cf3d9cf02db3646b020f51507"", ""source_standing"": ""agent-inference"", ""reconciled_change_ref"": ""codex:thread:01a07608-d2ec-7b10-9713-74c445adf8a5"", ""maintenance"": {""updated_at"": ""2026-09-06"", ""change_refs"": [""codex:thread:01a07608-d2ec-7b10-9713-74c445adf8a5""]}, ""last_reconciled_at"": ""2026-09-06T14:30:23.997737+00:00""}",How?
rel.aikit.q3.S,relation,product-field,q3,S,"[""cap.aikit.authored-relations"", ""cap.aikit.wiki-shapes"", ""cap.aikit.explain"", ""cap.aikit.familiarity""]",,,,,agent-inference,ProjectCentral/user/aikit.html#whole-whereby,,,aikit.html#whole/whereby,People compose and inspect their working environment through the CLI and TUI. Agents discover powers and retrieve relevant knowledge through the same underlying services. Providers and harness adapters connect existing tools while preserving their identities. Central supplies durable source; AIKit makes permitted source and capabilities available in a particular context.,,"{""basis"": ""Exact overview seed text. Capability links follow their existing governing expanded account units; cell placement is editorial inference."", ""seed_ref"": ""aikit:seed:q3"", ""source_unit"": ""whole-whereby"", ""seed_sha256"": ""c02422f1ce8607ef8d2967ec065ebd8538a25bf36f61466538dc99a3f5794361"", ""source_standing"": ""agent-inference"", ""reconciled_change_ref"": ""codex:thread:01a07608-d2ec-7b10-9713-74c445adf8a5"", ""maintenance"": {""updated_at"": ""2026-09-06"", ""change_refs"": [""codex:thread:01a07608-d2ec-7b10-9713-74c445adf8a5""]}, ""last_reconciled_at"": ""2026-09-06T14:30:23.997737+00:00""}",Who / Whereby?
rel.aikit.q4.S,relation,product-field,q4,S,"[""cap.aikit.profiles"", ""cap.aikit.models""]",,,,,agent-inference,ProjectCentral/user/aikit.html#whole-context,,,aikit.html#whole/context,"AIKit works where a Project, actor, task, client and available machine meet. A shared baseline can be refined for a Project, session or individual invocation. The resulting configuration is situated: a resource may be useful in one context and unavailable in another. Explanations and activation evidence make those differences inspectable.",,"{""basis"": ""Exact overview seed text. Capability links follow their existing governing expanded account units; cell placement is editorial inference."", ""seed_ref"": ""aikit:seed:q4"", ""source_unit"": ""whole-context"", ""seed_sha256"": ""a4305ec3f1ff58c8860e900da1a41662c6350678df62ad60abd3c2dc6b0d2312"", ""source_standing"": ""agent-inference"", ""reconciled_change_ref"": ""codex:thread:01a07608-d2ec-7b10-9713-74c445adf8a5"", ""maintenance"": {""updated_at"": ""2026-09-06"", ""change_refs"": [""codex:thread:01a07608-d2ec-7b10-9713-74c445adf8a5""]}, ""last_reconciled_at"": ""2026-09-06T14:30:23.997737+00:00""}",Where / When?
rel.aikit.q5.S,relation,product-field,q5,S,[],,,,,agent-inference,ProjectCentral/user/aikit.html#whole-purpose,,,aikit.html#whole/purpose,AIKit lets a person build an increasingly capable environment while keeping each encounter understandable. Skills and Methods make ways of working reusable; Wiki and source navigation make accumulated knowledge askable; explicit composition lets the same Project be met through different harnesses. Within O:I it supplies the operative resources through which authorised agency can work on durable human intention.,,"{""basis"": ""Exact overview seed text. Capability links follow their existing governing expanded account units; cell placement is editorial inference."", ""seed_ref"": ""aikit:seed:q5"", ""source_unit"": ""whole-purpose"", ""seed_sha256"": ""f7d37ffa2b57ffeb31c8f4e9e87c858546fcfbd5deefa882cfeb5a3d0decb0b1"", ""source_standing"": ""agent-inference"", ""reconciled_change_ref"": ""codex:thread:01a07608-d2ec-7b10-9713-74c445adf8a5"", ""maintenance"": {""updated_at"": ""2026-09-06"", ""change_refs"": [""codex:thread:01a07608-d2ec-7b10-9713-74c445adf8a5""]}, ""last_reconciled_at"": ""2026-09-06T14:30:23.997737+00:00""}",Why-For?
rel.aikit.q3.S0,relation,product-field,q3,S0,"[""cap.aikit.authored-relations"", ""cap.aikit.projectcentral""]",,,,,agent-inference,ProjectCentral/user/aikit.html#q3-source-contract,,,aikit.html#q3/source-contract,"Central’s recognised source relations carry provenance, truth standing, roles and treatment. AIKit preserves that distinction through the resulting knowledge view.",,"{""basis"": ""Source-account relation, with capability placement attributed as editorial inference."", ""source_unit"": ""q3-source-contract"", ""maintenance"": {""updated_at"": ""2026-09-06"", ""change_refs"": [""codex:thread:01a07608-d2ec-7b10-9713-74c445adf8a5""]}, ""last_reconciled_at"": ""2026-09-06T14:30:23.997737+00:00""}",
rel.aikit.q3.S1,relation,product-field,q3,S1,[],,,,,agent-inference,ProjectCentral/user/aikit.html#q3-identity,,,aikit.html#q3/identity,"AIKit develops the operational selection and disclosure relations; Central keeps durable authored ground, Actuation supplies authority and agency, Factory owns development and Workcell supplies material execution.",,"{""basis"": ""Exact account sentence; cell placement is editorial inference."", ""source_unit"": ""q3-identity"", ""maintenance"": {""updated_at"": ""2026-09-06"", ""change_refs"": [""codex:thread:01a07608-d2ec-7b10-9713-74c445adf8a5""]}, ""last_reconciled_at"": ""2026-09-06T14:30:23.997737+00:00""}",
rel.aikit.q3.S3,relation,product-field,q3,S3,[],,,,,agent-inference,ProjectCentral/user/aikit.html#q3-identity,,,aikit.html#q3/identity,"AIKit develops the operational selection and disclosure relations; Central keeps durable authored ground, Actuation supplies authority and agency, Factory owns development and Workcell supplies material execution.",,"{""basis"": ""Exact account sentence; cell placement is editorial inference."", ""source_unit"": ""q3-identity"", ""maintenance"": {""updated_at"": ""2026-09-06"", ""change_refs"": [""codex:thread:01a07608-d2ec-7b10-9713-74c445adf8a5""]}, ""last_reconciled_at"": ""2026-09-06T14:30:23.997737+00:00""}",
rel.aikit.q3.S4,relation,product-field,q3,S4,[],,,,,agent-inference,ProjectCentral/user/aikit.html#q3-identity,,,aikit.html#q3/identity,"AIKit develops the operational selection and disclosure relations; Central keeps durable authored ground, Actuation supplies authority and agency, Factory owns development and Workcell supplies material execution.",,"{""basis"": ""Exact account sentence; cell placement is editorial inference."", ""source_unit"": ""q3-identity"", ""maintenance"": {""updated_at"": ""2026-09-06"", ""change_refs"": [""codex:thread:01a07608-d2ec-7b10-9713-74c445adf8a5""]}, ""last_reconciled_at"": ""2026-09-06T14:30:23.997737+00:00""}",
rel.aikit.q3.S5,relation,product-field,q3,S5,"[""cap.aikit.wiki-shapes""]",,,,,agent-inference,ProjectCentral/user/aikit.html#q3-source-contract,,,aikit.html#q3/source-contract,The QL shape service supplies valid structural readings while semantic edges continue to require actual evidence.,,"{""basis"": ""Exact account sentence; cell placement is editorial inference."", ""source_unit"": ""q3-source-contract"", ""maintenance"": {""updated_at"": ""2026-09-06"", ""change_refs"": [""codex:thread:01a07608-d2ec-7b10-9713-74c445adf8a5""]}, ""last_reconciled_at"": ""2026-09-06T14:30:23.997737+00:00""}",
